top_250_film,top_250_film_rating,Year,Time,description,director,writers,stars
1. Esaretin Bedeli,9.3,1994,2h 22m,"A banker convicted of uxoricide forms a friendship over a quarter century with a hardened convict, while maintaining his innocence and trying to remain hopeful through simple compassion.",Frank Darabont,"Stephen King,Frank Darabont","Tim Robbins,Morgan Freeman,Bob Gunton"
2. Baba,9.2,1972,2h 55m,The aging patriarch of an organized crime dynasty transfers control of his clandestine empire to his reluctant son.,Francis Ford Coppola,"Mario Puzo,Francis Ford Coppola","Marlon Brando,Al Pacino,James Caan"
3. Kara Şövalye,9.0,2008,2h 32m,"When a menace known as the Joker wreaks havoc and chaos on the people of Gotham, Batman, James Gordon and Harvey Dent must work together to put an end to the madness.",Christopher Nolan,"Jonathan Nolan,Christopher Nolan,David S","Christian Bale,Heath Ledger,Aaron Eckhart"
4. Baba 2,9.0,1974,3h 22m,"The early life and career of Vito Corleone in 1920s New York City is portrayed, while his son, Michael, expands and tightens his grip on the family crime syndicate.",Francis Ford Coppola,"Francis Ford Coppola,Mario Puzo","Al Pacino,Robert De,Robert Duvall"
5. 12 Öfkeli Adam,9.0,1957,1h 36m,The jury in a New York City murder trial is frustrated by a single member whose skeptical caution forces them to more carefully consider the evidence before jumping to a hasty verdict.,Sidney Lumet,Reginald Rose,"Henry Fonda,Lee J,Martin Balsam"
6. Schindler'in Listesi,9.0,1993,3h 15m,"In German-occupied Poland during World War II, industrialist Oskar Schindler gradually becomes concerned for his Jewish workforce after witnessing their persecution by the Nazis.",Steven Spielberg,"Thomas Keneally,Steven Zaillian","Liam Neeson,Ralph Fiennes,Ben Kingsley"
7. Yüzüklerin Efendisi: Kralın Dönüşü,9.0,2003,3h 21m,Gandalf and Aragorn lead the World of Men against Sauron's army to draw his gaze from Frodo and Sam as they approach Mount Doom with the One Ring.,Peter Jackson,"Fran Walsh,Philippa Boyens","Elijah Wood,Viggo Mortensen,Ian Mc"
8. Ucuz Roman,8.9,1994,2h 34m,"The lives of two mob hitmen, a boxer, a gangster and his wife, and a pair of diner bandits intertwine in four tales of violence and redemption.",Quentin Tarantino,"Quentin Tarantino,Roger Avary","John Travolta,Uma Thurman,Samuel L"
9. Yüzüklerin Efendisi: Yüzük Kardeşliği,8.9,2001,2h 58m,A meek Hobbit from the Shire and eight companions set out on a journey to destroy the powerful One Ring and save Middle-earth from the Dark Lord Sauron.,Peter Jackson,"Fran Walsh,Philippa Boyens","Elijah Wood,Ian Mc,Orlando Bloom"
"10. İyi, Kötü ve Çirkin",8.8,1966,2h 41m,A bounty hunting scam joins two men in an uneasy alliance against a third in a race to find a fortune in gold buried in a remote cemetery.,Sergio Leone,"Luciano Vincenzoni,Sergio Leone,Agenore Incrocci","Clint Eastwood,Eli Wallach,Lee Van"
11. Forrest Gump,8.8,1994,2h 22m,"The history of the United States from the 1950s to the '70s unfolds from the perspective of an Alabama man with an IQ of 75, who yearns to be reunited with his childhood sweetheart.",Robert Zemeckis,"Winston Groom,Eric Roth","Tom Hanks,Robin Wright,Gary Sinise"
12. Yüzüklerin Efendisi: İki Kule,8.8,2002,2h 59m,"While Frodo and Sam edge closer to Mordor with the help of the shifty Gollum, the divided fellowship makes a stand against Sauron's new ally, Saruman, and his hordes of Isengard.",Peter Jackson,"Fran Walsh,Philippa Boyens","Elijah Wood,Ian Mc,Viggo Mortensen"
13. Dövüş Kulübü,8.8,1999,2h 19m,An insomniac office worker and a devil-may-care soap maker form an underground fight club that evolves into much more.,David Fincher,"Chuck Palahniuk,Jim Uhls","Brad Pitt,Edward Norton,Meat Loaf"
14. Başlangıç,8.8,2010,2h 28m,"A thief who steals corporate secrets through the use of dream-sharing technology is given the inverse task of planting an idea into the mind of a C.E.O., but his tragic past may doom the project and his team to disaster.",Christopher Nolan,Christopher Nolan,"Leonardo Di,Joseph Gordon,Elliot Page"
15. Yıldız Savaşları: İmparator,8.7,1980,2h 4m,"After the Empire overpowers the Rebel Alliance, Luke Skywalker begins his Jedi training with Yoda. At the same time, Darth Vader and bounty hunter Boba Fett pursue his friends across the galaxy.",Irvin Kershner,"Leigh Brackett,Lawrence Kasdan,George Lucas","Mark Hamill,Harrison Ford,Carrie Fisher"
16. Matrix,8.7,1999,2h 16m,"When a beautiful stranger leads computer hacker Neo to a forbidding underworld, he discovers the shocking truth--the life he knows is the elaborate deception of an evil cyber-intelligence.",Lana Wachowski,"Lilly Wachowski,Lana Wachowski","Keanu Reeves,Laurence Fishburne,Anne Moss"
17. Sıkı Dostlar,8.7,1990,2h 25m,"The story of Henry Hill and his life in the mafia, covering his relationship with his wife Karen and his mob partners Jimmy Conway and Tommy DeVito.",Martin Scorsese,"Nicholas Pileggi,Martin Scorsese","Robert De,Ray Liotta,Joe Pesci"
18. Guguk Kuşu,8.7,1975,2h 13m,"In the Fall of 1963, a Korean War veteran and criminal pleads insanity and is admitted to a mental institution, where he rallies up the scared patients against the tyrannical nurse.",Milos Forman,"Lawrence Hauben,Bo Goldman,Ken Kesey","Jack Nicholson,Louise Fletcher,Michael Berryman"
19. Yıldızlararası,8.7,2014,2h 49m,"When Earth becomes uninhabitable in the future, a farmer and ex-NASA pilot, Joseph Cooper, is tasked to pilot a spacecraft, along with a team of researchers, to find a new planet for humans.",Christopher Nolan,"Jonathan Nolan,Christopher Nolan","Matthew Mc,Anne Hathaway,Jessica Chastain"
20. Yedi,8.6,1995,2h 7m,"Two detectives, a rookie and a veteran, hunt a serial killer who uses the seven deadly sins as his motives.",David Fincher,Andrew Kevin Walker,"Morgan Freeman,Brad Pitt,Kevin Spacey"
21. Şahane Hayat,8.6,1946,2h 10m,An angel is sent from Heaven to help a desperately frustrated businessman by showing him what life would have been like if he had never existed.,Frank Capra,"Frances Goodrich,Albert Hackett,Frank Capra","James Stewart,Donna Reed,Lionel Barrymore"
22. Yedi Samuray: Kanlı Pirinç,8.6,1954,3h 27m,"Farmers from a village exploited by bandits hire a veteran samurai for protection, who gathers six other samurai to join him.",Akira Kurosawa,"Akira Kurosawa,Shinobu Hashimoto,Hideo Oguni","Takashi Shimura,Keiko Tsushima"
23. Kuzuların Sessizliği,8.6,1991,1h 58m,"A young F.B.I. cadet must receive the help of an incarcerated and manipulative cannibal killer to help catch another serial killer, a madman who skins his victims.",Jonathan Demme,"Thomas Harris,Ted Tally","Jodie Foster,Anthony Hopkins,Scott Glenn"
24. Er Ryan'ı Kurtarmak,8.6,1998,2h 49m,"Following the Normandy Landings, a group of U.S. soldiers go behind enemy lines to retrieve a paratrooper whose brothers have been killed in action.",Steven Spielberg,Robert Rodat,"Tom Hanks,Matt Damon,Tom Sizemore"
25. Tanrı Kent,8.6,2002,2h 10m,"In the slums of Rio, two kids' paths diverge as one struggles to become a photographer and the other a kingpin.",Fernando Meirelles,Paulo Lins,"Alexandre Rodrigues,Leandro Firmino,Matheus Nachtergaele"
26. Hayat Güzeldir,8.6,1997,1h 56m,"When an open-minded Jewish waiter and his son become victims of the Holocaust, he uses a perfect mixture of will, humor and imagination to protect his son from the dangers around their camp.",Roberto Benigni,"Vincenzo Cerami,Roberto Benigni","Roberto Benigni,Nicoletta Braschi,Giorgio Cantarini"
27. Yeşil Yol,8.6,1999,3h 9m,"A tale set on death row, where gentle giant John Coffey possesses the mysterious power to heal people's ailments. When the lead guard, Paul Edgecombe, recognizes John's gift, he tries to help stave off the condemned man's execution.",Frank Darabont,"Stephen King,Frank Darabont","Tom Hanks,Michael Clarke,David Morse"
28. Terminatör 2: Mahşer Günü,8.6,1991,2h 17m,"A cyborg, identical to the one who failed to kill Sarah Connor, must now protect her ten year old son John from an even more advanced and powerful cyborg.",James Cameron,"James Cameron,William Wisher","Arnold Schwarzenegger,Linda Hamilton,Edward Furlong"
29. Yıldız Savaşları: Bölüm IV - Yeni Bir Umut,8.6,1977,2h 1m,"Luke Skywalker joins forces with a Jedi Knight, a cocky pilot, a Wookiee and two droids to save the galaxy from the Empire's world-destroying battle station, while also attempting to rescue Princess Leia from the mysterious Darth Vader.",George Lucas,George Lucas,"Mark Hamill,Harrison Ford,Carrie Fisher"
30. Geleceğe Dönüş,8.5,1985,1h 56m,"Marty McFly, a 17-year-old high school student, is accidentally sent 30 years into the past in a time-traveling DeLorean invented by his close friend, the maverick scientist Doc Brown.",Robert Zemeckis,"Robert Zemeckis,Bob Gale","Michael J,Christopher Lloyd,Lea Thompson"
31. Ruhların Kaçışı,8.6,2001,2h 4m,"During her family's move to the suburbs, a sullen 10-year-old girl wanders into a world ruled by gods, witches and spirits, and where humans are changed into beasts.",Hayao Miyazaki,Hayao Miyazaki,"Daveigh Chase,Suzanne Pleshette,Miyu Irino"
32. Piyanist,8.5,2002,2h 30m,"During WWII, acclaimed Polish musician Wladyslaw faces various struggles as he loses contact with his family. As the situation worsens, he hides in the ruins of Warsaw in order to survive.",Roman Polanski,"Ronald Harwood,Wladyslaw Szpilman","Adrien Brody,Thomas Kretschmann,Frank Finlay"
33. Parazit,8.5,2019,2h 12m,Greed and class discrimination threaten the newly formed symbiotic relationship between the wealthy Park family and the destitute Kim clan.,Bong Joon Ho,"Bong Joon Ho,Han Jin","Song Kang,Lee Sun,Cho Yeo"
34. Sapık,8.5,1960,1h 49m,A secretary on the run for embezzlement takes refuge at a secluded California motel owned by a repressed man and his overbearing mother.,Alfred Hitchcock,"Joseph Stefano,Robert Bloch","Anthony Perkins,Janet Leigh,Vera Miles"
35. Gladyatör,8.5,2000,2h 35m,A former Roman General sets out to exact vengeance against the corrupt emperor who murdered his family and sent him into slavery.,Ridley Scott,"David Franzoni,John Logan,William Nicholson","Russell Crowe,Joaquin Phoenix,Connie Nielsen"
36. Aslan Kral,8.5,1994,1h 28m,"Lion prince Simba and his father are targeted by his bitter uncle, who wants to ascend the throne himself.",Roger Allers,"Irene Mecchi,Jonathan Roberts,Linda Woolverton","Matthew Broderick,Jeremy Irons,James Earl"
37. Örümcek-Adam: Örümcek Evrenine Geçiş,8.6,2023,2h 20m,"Miles Morales catapults across the multiverse, where he encounters a team of Spider-People charged with protecting its very existence. When the heroes clash on how to handle a new threat, Miles must redefine what it means to be a hero.",Joaquim Dos Santos,"Phil Lord,Christopher Miller,Dave Callaham","Shameik Moore,Hailee Steinfeld,Brian Tyree"
38. Köstebek,8.5,2006,2h 31m,An undercover cop and a mole in the police attempt to identify each other while infiltrating an Irish gang in South Boston.,Martin Scorsese,"William Monahan,Alan Mak,Felix Chong","Leonardo Di,Matt Damon,Jack Nicholson"
39. Whiplash,8.5,2014,1h 46m,A promising young drummer enrolls at a cut-throat music conservatory where his dreams of greatness are mentored by an instructor who will stop at nothing to realize a student's potential.,Damien Chazelle,Damien Chazelle,"Miles Teller,Melissa Benoist"
40. Geçmişin gölgesinde,8.5,1998,1h 59m,"Living a life marked by violence, neo-Nazi Derek finally goes to prison after killing two black youths. Upon his release, Derek vows to change; he hopes to prevent his brother, Danny, who idolizes Derek, from following in his footsteps.",Tony Kaye,David Mc,"Edward Norton,Edward Furlong,Beverly D"
41. Sevginin Gücü,8.5,1994,1h 50m,"12-year-old Mathilda is reluctantly taken in by Léon, a professional assassin, after her family is murdered. An unusual relationship forms as she becomes his protégée and learns the assassin's trade.",Luc Besson,Luc Besson,"Jean Reno,Gary Oldman,Natalie Portman"
42. Ateşböceklerinin Mezarı,8.5,1988,1h 28m,A young boy and his little sister struggle to survive in Japan during World War II.,Isao Takahata,"Akiyuki Nosaka,Isao Takahata","Tsutomu Tatsumi,Ayano Shiraishi,Akemi Yamaguchi"
43. Prestij,8.5,2006,2h 10m,"After a tragic accident, two stage magicians in 1890s London engage in a battle to create the ultimate illusion while sacrificing everything they have to outwit each other.",Christopher Nolan,"Jonathan Nolan,Christopher Nolan,Christopher Priest","Christian Bale,Hugh Jackman,Scarlett Johansson"
44. Seppuku,8.6,1962,2h 13m,"When a ronin requesting seppuku at a feudal lord's palace is told of the brutal suicide of another ronin who previously visited, he reveals how their pasts are intertwined - and in doing so challenges the clan's integrity.",Masaki Kobayashi,"Yasuhiko Takiguchi,Shinobu Hashimoto","Tatsuya Nakadai,Akira Ishihama,Shima Iwashita"
45. Dune: Çöl Gezegeni Bölüm İki,8.5,2024,2h 46m,Paul Atreides unites with Chani and the Fremen while seeking revenge against the conspirators who destroyed his family.,Denis Villeneuve,"Denis Villeneuve,Jon Spaihts,Frank Herbert",Rebecca Ferguson
46. Olağan Şüpheliler,8.5,1995,1h 46m,The sole survivor of a pier shoot-out tells the story of how a notorious criminal influenced the events that began with five criminals meeting in a seemingly random police lineup.,Bryan Singer,Christopher Mc,"Kevin Spacey,Gabriel Byrne,Chazz Palminteri"
47. Casablanca,8.5,1942,1h 42m,A cynical expatriate American cafe owner struggles to decide whether or not to help his former lover and her fugitive husband escape the Nazis in French Morocco.,Michael Curtiz,"Julius J,Howard Koch,Murray Burnett","Humphrey Bogart,Ingrid Bergman,Paul Henreid"
48. Can Dostum,8.5,2011,1h 52m,"After he becomes a quadriplegic from a paragliding accident, an aristocrat hires a young man from the projects to be his caregiver.",Olivier Nakache,"Olivier Nakache,Philippe Pozzo","Omar Sy,Anne Le"
49. Cennet Sineması,8.5,1988,2h 54m,"Salvatore, a famous film director, returns to his hometown for the funeral of the local theater's film projectionist, Alfredo. He reminisces about his life as a young boy falling in love with cinema.",Giuseppe Tornatore,"Giuseppe Tornatore,Vanna Paoli","Philippe Noiret,Enzo Cannavale,Antonella Attili"
50. Asri Zamanlar,8.5,1936,1h 27m,The Tramp struggles to live in modern industrial society with the help of a young homeless woman.,Charles Chaplin,Charles Chaplin,"Charles Chaplin,Paulette Goddard,Henry Bergman"
51. Yaratık,8.5,1979,1h 57m,"After investigating a mysterious transmission of unknown origin, the crew of a commercial spacecraft encounters a deadly lifeform.",Ridley Scott,"Dan O,Ronald Shusett","Sigourney Weaver,Tom Skerritt,John Hurt"
52. Arka Pencere,8.5,1954,1h 52m,"A house and wheelchair-bound photographer, his fashion model girlfriend and his visiting Nurse spy on neighbors from his courtyard window. Despite skepticism by his PD Detective friend, they're convinced one of his neighbors is a murderer.",Alfred Hitchcock,"John Michael Hayes,Cornell Woolrich","James Stewart,Grace Kelly,Wendell Corey"
53. Batıda Kan Var,8.5,1968,2h 46m,A mysterious stranger with a harmonica joins forces with a notorious desperado to protect a beautiful widow from a ruthless assassin working for the railroad.,Sergio Leone,"Sergio Donati,Sergio Leone,Dario Argento","Henry Fonda,Charles Bronson,Claudia Cardinale"
54. Şehir Işıkları,8.5,1931,1h 27m,"With the aid of a wealthy erratic tippler, a dewy-eyed tramp who has fallen in love with a sightless flower girl accumulates money to be able to help her medically.",Charles Chaplin,"Charles Chaplin,Harry Carr,Harry Crocker","Charles Chaplin,Virginia Cherrill,Florence Lee"
55. Zincirsiz,8.5,2012,2h 45m,"With the help of a German bounty-hunter, a freed slave sets out to rescue his wife from a brutal plantation owner in Mississippi.",Quentin Tarantino,Quentin Tarantino,"Jamie Foxx,Christoph Waltz,Leonardo Di"
56. Kıyamet,8.4,1979,2h 27m,A U.S. Army officer serving in Vietnam is tasked with assassinating a renegade Special Forces Colonel who sees himself as a god.,Francis Ford Coppola,"John Milius,Francis Ford Coppola,Michael Herr","Martin Sheen,Marlon Brando,Robert Duvall"
57. Akıl Defteri,8.4,2000,1h 53m,"Leonard Shelby, an insurance investigator, suffers from anterograde amnesia and uses notes and tattoos to hunt for the man he thinks killed his wife, which is the last thing he remembers.",Christopher Nolan,"Christopher Nolan,Jonathan Nolan","Guy Pearce,Anne Moss,Joe Pantoliano"
58. VOL·i,8.4,2008,1h 38m,"A robot who is responsible for cleaning a waste-covered Earth meets another robot and falls in love with her. Together, they set out on a journey that will alter the fate of mankind.",Andrew Stanton,"Andrew Stanton,Pete Docter,Jim Reardon","Ben Burtt,Elissa Knight,Jeff Garlin"
59. Kutsal Hazine Avcıları,8.4,1981,1h 55m,"In 1936, archaeologists and adventurers of the U.S. government hired Indiana Jones to find the Ark of the Covenant before the Nazis could obtain its extraordinary powers.",Steven Spielberg,"Lawrence Kasdan,George Lucas,Philip Kaufman","Harrison Ford,Karen Allen,Paul Freeman"
60. Bitmeyen Sınav,8.9,2023,2h 27m,The real-life story of IPS Officer Manoj Kumar Sharma and IRS Officer Shraddha Joshi.,Vidhu Vinod Chopra,"Vidhu Vinod Chopra,Jaskunwar Kohli,Anurag Pathak","Vikrant Massey,Medha Shankr,Anant Joshi"
61. Başkalarının Hayatı,8.4,2006,2h 17m,"In 1984 East Berlin, an agent of the secret police conducting surveillance on a writer and his lover finds himself becoming increasingly absorbed by their lives.",Florian Henckel von Donnersmarck,Florian Henckel,"Ulrich M,Martina Gedeck,Sebastian Koch"
62. Sunset Bulvarı,8.4,1950,1h 50m,A screenwriter develops a dangerous relationship with a faded film star determined to make a triumphant return.,Billy Wilder,"Charles Brackett,Billy Wilder,Marshman Jr","William Holden,Gloria Swanson"
63. Yenilmezler: Sonsuzluk Savaşı,8.4,2018,2h 29m,The Avengers and their allies must be willing to sacrifice all in an attempt to defeat the powerful Thanos before his blitz of devastation and ruin puts an end to the universe.,Anthony Russo,"Christopher Markus,Stephen Mc,Stan Lee","Robert Downey,Chris Hemsworth,Mark Ruffalo"
64. Zafer Yolları,8.4,1957,1h 28m,A colonel defends three of his soldiers in a court-martial after they abandon a suicidal attack.,Stanley Kubrick,"Stanley Kubrick,Calder Willingham,Jim Thompson","Kirk Douglas,Ralph Meeker,Adolphe Menjou"
65. Örümcek Adam: Örümcek Evreninde,8.4,2018,1h 57m,Teen Miles Morales becomes the Spider-Man of his universe and must join with five spider-powered individuals from other dimensions to stop a threat for all realities.,Bob Persichetti,"Phil Lord,Rodney Rothman","Shameik Moore,Jake Johnson,Hailee Steinfeld"
66. Beklenmeyen Şahit,8.4,1957,1h 56m,A veteran British barrister must defend his client in a murder trial that has surprise after surprise.,Billy Wilder,"Agatha Christie,Billy Wilder,Harry Kurnitz","Tyrone Power,Marlene Dietrich,Charles Laughton"
67. Cinnet,8.4,1980,2h 26m,"A family heads to an isolated hotel for the winter, where a sinister presence influences the father into violence. At the same time, his psychic son sees horrifying forebodings from both the past and the future.",Stanley Kubrick,"Stephen King,Stanley Kubrick,Diane Johnson","Jack Nicholson,Shelley Duvall,Danny Lloyd"
68. Şarlo Diktatör,8.4,1940,2h 5m,Dictator Adenoid Hynkel tries to expand his empire while a poor Jewish barber tries to avoid persecution from Hynkel's regime.,Charles Chaplin,Charles Chaplin,"Charles Chaplin,Paulette Goddard,Jack Oakie"
69. Yaratık 2: Yaratığın Dönüşü,8.4,1986,2h 17m,"Decades after surviving the Nostromo incident, Ellen Ripley is sent out to re-establish contact with a terraforming colony but finds herself battling the Alien Queen and her offspring.",James Cameron,"James Cameron,David Giler,Walter Hill","Sigourney Weaver,Michael Biehn,Carrie Henn"
70. Soysuzlar Çetesi,8.4,2009,2h 33m,"In Nazi-occupied France during World War II, a plan to assassinate Nazi leaders by a group of Jewish U.S. soldiers coincides with a theatre owner's vengeful plans for the same.",Quentin Tarantino,Quentin Tarantino,"Brad Pitt,Diane Kruger,Eli Roth"
71. Kara Şövalye Yükseliyor,8.4,2012,2h 44m,"Bane, an imposing terrorist, attacks Gotham City and disrupts its eight-year-long period of peace. This forces Bruce Wayne to come out of hiding and don the cape and cowl of Batman again.",Christopher Nolan,"Jonathan Nolan,Christopher Nolan,David S","Christian Bale,Tom Hardy,Anne Hathaway"
72. Coco,8.4,2017,1h 45m,"Aspiring musician Miguel, confronted with his family's ancestral ban on music, enters the Land of the Dead to find his great-great-grandfather, a legendary singer.",Lee Unkrich,"Lee Unkrich,Jason Katz,Matthew Aldrich","Anthony Gonzalez,Gael Garc,Benjamin Bratt"
73. Amadeus,8.4,1984,2h 40m,"The life, success and troubles of Wolfgang Amadeus Mozart, as told by Antonio Salieri, the contemporaneous composer who was deeply jealous of Mozart's talent and claimed to have murdered him.",Milos Forman,"Peter Shaffer,Zdenek Mahler","Murray Abraham,Tom Hulce,Elizabeth Berridge"
74. Oyuncak Hikayesi,8.3,1995,1h 21m,A cowboy doll is profoundly threatened and jealous when a new spaceman action figure supplants him as top toy in a boy's bedroom.,John Lasseter,"John Lasseter,Pete Docter,Andrew Stanton","Tom Hanks,Tim Allen,Don Rickles"
75. Garip Doktor,8.3,1964,1h 35m,"An unhinged American general orders a bombing attack on the Soviet Union, triggering a path to nuclear holocaust that a war room full of politicians and generals frantically tries to stop.",Stanley Kubrick,"Stanley Kubrick,Terry Southern,Peter George","Peter Sellers,George C,Sterling Hayden"
76. İhtiyar Delikanlı,8.3,2003,2h,"After being kidnapped and imprisoned for fifteen years, Oh Dae-Su is released, only to find that he must track down his captor in five days.",Park Chan-wook,"Garon Tsuchiya,Nobuaki Minegishi,Park Chan","Choi Min,Yoo Ji,Kang Hye"
77. Amerikan Güzelliği,8.3,1999,2h 2m,A sexually frustrated suburban father has a mid-life crisis after becoming infatuated with his daughter's best friend.,Sam Mendes,Alan Ball,"Kevin Spacey,Annette Bening,Thora Birch"
78. Yenilmezler: Son Oyun,8.4,2019,3h 1m,"After the devastating events of Yenilmezler: Sonsuzluk Savaşı (2018), the universe is in ruins. With the help of remaining allies, the Avengers assemble once more in order to reverse Thanos' actions and restore balance to the universe.",Anthony Russo,"Christopher Markus,Stephen Mc,Stan Lee","Robert Downey,Chris Evans,Mark Ruffalo"
79. U-Bot: Denizaltı,8.4,1981,2h 29m,A German U-boat stalks the frigid waters of the North Atlantic as its young crew experience the sheer terror and claustrophobic life of a submariner in World War II.,Wolfgang Petersen,"Wolfgang Petersen,Lothar G","Herbert Gr,Klaus Wennemann"
80. Cesur Yürek,8.3,1995,2h 58m,Scottish warrior William Wallace leads his countrymen in a rebellion to free his homeland from the tyranny of King Edward I of England.,Mel Gibson,Randall Wallace,"Mel Gibson,Sophie Marceau,Patrick Mc"
81. Can Dostum,8.3,1997,2h 6m,"Will Hunting, a janitor at MIT, has a gift for mathematics, but needs help from a psychologist to find direction in his life.",Gus Van Sant,"Matt Damon,Ben Affleck","Robin Williams,Matt Damon,Ben Affleck"
82. Prenses Mononoke,8.3,1997,2h 13m,"On a journey to find the cure for a Tatarigami's curse, Ashitaka finds himself in the middle of a war between the forest gods and Tatara, a mining colony. In this quest he also meets San, the Mononoke Hime.",Hayao Miyazaki,"Hayao Miyazaki,Neil Gaiman",Yuriko Ishida
83. Joker,8.4,2019,2h 2m,"Arthur Fleck, a party clown and a failed stand-up comedian, leads an impoverished life with his ailing mother. However, when society shuns him and brands him as a freak, he decides to embrace the life of crime and chaos in Gotham City.",Todd Phillips,"Todd Phillips,Scott Silver,Bob Kane","Joaquin Phoenix,Robert De,Zazie Beetz"
84. Senin Adın,8.4,2016,1h 46m,"Two teenagers share a profound, magical connection upon discovering they are swapping bodies. Things manage to become even more complicated when the boy and girl decide to meet in person.",Makoto Shinkai,"Makoto Shinkai,Clark Cheng","Ryunosuke Kamiki,Mone Kamishiraishi,Ryo Narita"
85. Yüksek ve Alçak,8.4,1963,2h 23m,An executive of a Yokohama shoe company becomes a victim of extortion when his chauffeur's son is kidnapped by mistake and held for ransom.,Akira Kurosawa,Hideo Oguni,"Yutaka Sada,Tatsuya Nakadai"
86. 3 Ahmak,8.4,2009,2h 50m,"Two friends are searching for their long lost companion. They revisit their college days and recall the memories of their friend who inspired them to think differently, even as the rest of the world called them ""idiots"".",Rajkumar Hirani,"Abhijat Joshi,Rajkumar Hirani,Vidhu Vinod Chopra","Aamir Khan,Mona Singh"
87. Bir Zamanlar Amerika,8.3,1984,3h 49m,"A former Prohibition-era Jewish gangster returns to the Lower East Side of Manhattan 35 years later, where he must once again confront the ghosts and regrets of his old life.",Sergio Leone,"Harry Grey,Leonardo Benvenuti,Piero De Bernardi","Robert De,James Woods,Elizabeth Mc"
88. Yağmur Altında,8.3,1952,1h 43m,A silent film star falls for a chorus girl just as he and his delusionally jealous screen partner are trying to make the difficult transition to talking pictures in 1920s Hollywood.,Stanley Donen,"Betty Comden,Adolph Green","Gene Kelly,Donald O,Debbie Reynolds"
89. Kefernahum,8.4,2018,2h 6m,"While serving a five-year sentence for a violent crime, a 12-year-old boy sues his parents for neglect.",Nadine Labaki,"Nadine Labaki,Jihad Hojeily,Michelle Keserwany","Zain Al,Yordanos Shiferaw,Boluwatife Treasure"
90. Gel ve Gör,8.4,1985,2h 22m,"After finding an old rifle, a young boy joins the Soviet resistance movement against ruthless German forces and experiences the horrors of World War II.",Elem Klimov,"Ales Adamovich,Elem Klimov","Aleksey Kravchenko,Olga Mironova,Liubomiras Laucevicius"
91. Bir Rüya İçin Ağıt,8.3,2000,1h 42m,The drug-induced utopias of four Coney Island people are shattered when their addictions run deep..,Darren Aronofsky,"Hubert Selby Jr,Darren Aronofsky","Ellen Burstyn,Jared Leto,Jennifer Connelly"
92. Oyuncak Hikayesi 3,8.3,2010,1h 43m,"The toys are mistakenly delivered to a day-care center instead of the attic right before Andy leaves for college, and it's up to Woody to convince the other toys that they weren't abandoned and to return home.",Lee Unkrich,"John Lasseter,Andrew Stanton,Lee Unkrich","Tom Hanks,Tim Allen,Joan Cusack"
93. Yıldız Savaşları: Jedi'nin Dönüşü,8.3,1983,2h 11m,"After rescuing Han Solo from Jabba the Hutt, the Rebel Alliance attempts to destroy the second Death Star while Luke struggles to help Darth Vader back from the dark side.",Richard Marquand,"Lawrence Kasdan,George Lucas","Mark Hamill,Harrison Ford,Carrie Fisher"
94. Sil Baştan,8.3,2004,1h 48m,"When their relationship turns sour, a couple undergoes a medical procedure to have each other erased from their memories forever.",Michel Gondry,"Charlie Kaufman,Michel Gondry,Pierre Bismuth","Jim Carrey,Kate Winslet,Tom Wilkinson"
95. Onur Savaşı,8.3,2012,1h 55m,"A teacher lives a lonely life, all the while struggling over his son's custody. His life slowly gets better as he finds love and receives good news from his son, but his new luck is about to be brutally shattered by an innocent little lie.",Thomas Vinterberg,"Thomas Vinterberg,Tobias Lindholm","Mads Mikkelsen,Thomas Bo,Annika Wedderkopp"
96. 2001: Uzay Yolu Macerası,8.3,1968,2h 29m,"After uncovering a mysterious artifact buried beneath the Lunar surface, a spacecraft is sent to Jupiter to find its origins: a spacecraft manned by two men and the supercomputer HAL 9000.",Stanley Kubrick,"Stanley Kubrick,Arthur C","Keir Dullea,Gary Lockwood,William Sylvester"
97. Yaşamak,8.3,1952,2h 23m,A bureaucrat tries to find meaning in his life after he discovers he has terminal cancer.,Akira Kurosawa,"Akira Kurosawa,Shinobu Hashimoto,Hideo Oguni","Takashi Shimura,Nobuo Kaneko"
98. Rezervuar Köpekleri,8.3,1992,1h 39m,"When a simple jewelry heist goes horribly wrong, the surviving criminals begin to suspect that one of them is a police informant.",Quentin Tarantino,"Quentin Tarantino,Roger Avary","Harvey Keitel,Tim Roth,Michael Madsen"
99. Lawrence of Arabia,8.3,1962,3h 38m,"The story of T.E. Lawrence, the English officer who successfully united and led the diverse, often warring, Arab tribes during World War I in order to fight the Turks.",David Lean,"Robert Bolt,Michael Wilson","Peter O,Alec Guinness,Anthony Quinn"
100. Garsoniyer,8.3,1960,2h 5m,"A Manhattan insurance clerk tries to rise in his company by letting its executives use his apartment for trysts, but office politics and his own romantic hopes complicate matters.",Billy Wilder,Billy Wilder,"Jack Lemmon,Shirley Mac,Fred Mac"
101. İçimdeki Yangın,8.3,2010,2h 11m,Twins journey to the Middle East to discover their family history and fulfill their mother's last wishes.,Denis Villeneuve,"Wajdi Mouawad,Denis Villeneuve","Lubna Azabal,Maxim Gaudette"
102. Gizli Teşkilât,8.3,1959,2h 16m,"A New York City advertising executive goes on the run after being mistaken for a government agent by a group of foreign spies, and falls for a woman whose loyalties he begins to doubt.",Alfred Hitchcock,"Ernest Lehman,Gerald Devri","Cary Grant,Eva Marie,James Mason"
103. Yaralı Yüz,8.3,1983,2h 50m,"Miami in the 1980s: a determined criminal minded Cuban immigrant, becomes the biggest drug smuggler in Florida, and is eventually undone by his own drug addiction.",Brian De Palma,"Oliver Stone,Howard Hawks,Ben Hecht","Al Pacino,Michelle Pfeiffer,Steven Bauer"
104. Oppenheimer,8.3,2023,3h,The story of American scientist J. Robert Oppenheimer and his role in the development of the atomic bomb.,Christopher Nolan,"Christopher Nolan,Kai Bird,Martin Sherwin","Cillian Murphy,Emily Blunt,Matt Damon"
105. Çifte Tazminat,8.3,1944,1h 47m,"A Los Angeles insurance representative is seduced by an alluring housewife into a scheme of insurance fraud and murder that arouses the suspicion of his colleague, a claims investigator.",Billy Wilder,"Billy Wilder,Raymond Chandler,James M","Fred Mac,Barbara Stanwyck,Edward G"
106. Yurttaş Kane,8.3,1941,1h 59m,"Following the death of publishing tycoon Charles Foster Kane, reporters scramble to uncover the meaning of his final utterance: 'Rosebud.'",Orson Welles,"Herman J,Orson Welles,John Houseman","Orson Welles,Joseph Cotten,Dorothy Comingore"
107. Bir Şehir Katilini Arıyor,8.3,1931,1h 57m,"When the police in a German city are unable to catch a child-murderer, other criminals join in the manhunt.",Fritz Lang,"Fritz Lang,Egon Jacobsohn","Peter Lorre,Ellen Widmann,Inge Landgut"
108. Ölüm Korkusu,8.3,1958,2h 8m,"A former San Francisco police detective juggles wrestling with his personal demons and becoming obsessed with the hauntingly beautiful woman he has been hired to trail, who may be deeply disturbed.",Alfred Hitchcock,"Alec Coppel,Samuel A,Pierre Boileau","James Stewart,Kim Novak,Barbara Bel"
109. Full Metal Jacket,8.2,1987,1h 56m,A pragmatic U.S. Marine observes the dehumanizing effects the Vietnam War has on his fellow recruits from their brutal boot camp training to the bloody street fighting in Hue.,Stanley Kubrick,"Stanley Kubrick,Michael Herr,Gustav Hasford","Matthew Modine,Lee Ermey,Vincent D"
110. Büyük Hesaplaşma,8.3,1995,2h 50m,A group of high-end professional thieves start to feel the heat from the LAPD when they unknowingly leave a verbal clue at their latest heist.,Michael Mann,Michael Mann,"Al Pacino,Robert De,Val Kilmer"
111. Amelie,8.3,2001,2h 2m,"Despite being caught in her imaginative world, Amelie, a young waitress, decides to help people find happiness. Her quest to spread joy leads her on a journey where she finds true love.",Jean-Pierre Jeunet,"Guillaume Laurant,Pierre Jeunet","Audrey Tautou,Mathieu Kassovitz"
112. Yukarı Bak,8.3,2009,1h 36m,"78-year-old Carl Fredricksen travels to South America in his house equipped with balloons, inadvertently taking a young stowaway.",Pete Docter,"Pete Docter,Bob Peterson,Tom Mc","Edward Asner,Jordan Nagai,John Ratzenberger"
113. Otomatik Portakal,8.2,1971,2h 16m,Alex DeLarge and his droogs barbarize a decaying near-future.,Stanley Kubrick,"Stanley Kubrick,Anthony Burgess","Malcolm Mc,Patrick Magee,Michael Bates"
114. Bülbülü Öldürmek,8.3,1962,2h 9m,"Atticus Finch, a widowed lawyer in Depression-era Alabama, defends a Black man against an undeserved rape charge, and tries to educate his young children against prejudice.",Robert Mulligan,"Harper Lee,Horton Foote","Gregory Peck,John Megna,Frank Overton"
115. Bir Ayrılık,8.3,2011,2h 3m,A married couple are faced with a difficult decision - to improve the life of their child by moving to another country or to stay in Iran and look after a deteriorating parent who has Alzheimer's disease.,Asghar Farhadi,Asghar Farhadi,"Payman Maadi,Leila Hatami,Sareh Bayat"
116. Belalılar,8.3,1973,2h 9m,Two grifters team up to pull off the ultimate con.,George Roy Hill,David S,"Paul Newman,Robert Redford,Robert Shaw"
117. Zor Ölüm,8.2,1988,2h 12m,A New York City police officer tries to save his estranged wife and several others taken hostage by terrorists during a Christmas party at the Nakatomi Plaza in Los Angeles.,John McTiernan,"Roderick Thorp,Jeb Stuart,Steven E","Bruce Willis,Alan Rickman,Bonnie Bedelia"
118. Indiana Jones: Son Macera,8.2,1989,2h 7m,"In 1938, after his father goes missing while pursuing the Holy Grail, Indiana Jones finds himself up against the Nazis again to stop them from obtaining its powers.",Steven Spielberg,"Jeffrey Boam,George Lucas,Menno Meyjes","Harrison Ford,Sean Connery,Alison Doody"
119. Her Çocuk Özeldir,8.3,2007,2h 42m,"An eight-year-old boy is thought to be a lazy trouble-maker, until the new art teacher has the patience and compassion to discover the real problem behind his struggles in school.",Aamir Khan,Amole Gupte,"Darsheel Safary,Aamir Khan,Tisca Chopra"
120. Metropolis,8.3,1927,2h 33m,"In a futuristic city sharply divided between the working class and the city planners, the son of the city's mastermind falls in love with a working-class prophet who predicts the coming of a savior to mediate their differences.",Fritz Lang,Fritz Lang,"Brigitte Helm,Alfred Abel,Gustav Fr"
121. Kapışma,8.2,2000,1h 44m,"Unscrupulous boxing promoters, violent bookmakers, a Russian gangster, incompetent amateur robbers and supposedly Jewish jewelers fight to track down a priceless stolen diamond.",Guy Ritchie,Guy Ritchie,"Jason Statham,Brad Pitt,Stephen Graham"
122. 1917,8.2,2019,1h 59m,"April 6th, 1917. As an infantry battalion assembles to wage war deep in enemy territory, two soldiers are assigned to race against time and deliver a message that will stop 1,600 men from walking straight into a deadly trap.",Sam Mendes,"Sam Mendes,Krysty Wilson","Charles Chapman,George Mac,Daniel Mays"
123. Los Angeles Sırları,8.2,1997,2h 18m,"As corruption grows in 1950s Los Angeles, three policemen - one strait-laced, one brutal, and one sleazy - investigate a series of murders with their own brand of justice.",Curtis Hanson,"James Ellroy,Brian Helgeland,Curtis Hanson","Kevin Spacey,Russell Crowe,Guy Pearce"
124. Bisiklet Hırsızları,8.3,1948,1h 29m,"In post-war Italy, a working-class man's bicycle is stolen, endangering his efforts to find work. He and his son set out to find it.",Vittorio De Sica,"Cesare Zavattini,Luigi Bartolini,Oreste Biancoli","Lamberto Maggiorani,Enzo Staiola,Lianella Carell"
125. Hamilton,8.3,2020,2h 40m,"The real life of one of America's foremost founding fathers and first Secretary of the Treasury, Alexander Hamilton. Captured live on Broadway from the Richard Rodgers Theater with the original Broadway cast.",Thomas Kail,"Manuel Miranda,Ron Chernow","Manuel Miranda,Phillipa Soo,Leslie Odom"
126. Çöküş,8.2,2004,2h 36m,"Traudl Junge, the final secretary for Adolf Hitler, tells of the Nazi dictator's final days in his Berlin bunker at the end of WWII.",Oliver Hirschbiegel,"Bernd Eichinger,Joachim Fest,Traudl Junge","Bruno Ganz,Alexandra Maria,Ulrich Matthes"
127. Taksi Şoförü,8.2,1976,1h 54m,"A mentally unstable veteran works as a nighttime taxi driver in New York City, where the perceived decadence and sleaze fuels his urge for violent action.",Martin Scorsese,Paul Schrader,"Robert De,Jodie Foster,Cybill Shepherd"
128. Dangal,8.3,2016,2h 41m,"Mahavir Singh Phogat, a former wrestler, decides to fulfill his dream of winning a gold medal for his country by training his daughters for the Commonwealth Games despite the existing social stigmas.",Nitesh Tiwari,"Piyush Gupta,Shreyas Jain,Nikhil Mehrotra","Aamir Khan,Sakshi Tanwar,Fatima Sana"
129. Batman Başlıyor,8.2,2005,2h 20m,"After witnessing his parents' death, Bruce learns the art of fighting to confront injustice. When he returns to Gotham as Batman, he must stop a secret society that intends to destroy the city.",Christopher Nolan,"Bob Kane,David S,Christopher Nolan","Christian Bale,Michael Caine,Ken Watanabe"
130. Birkaç Dolar İçin,8.2,1965,2h 12m,Two bounty killers with similar intentions but different motivations team up to track down a psychotic Mexican outlaw before he and his gang can carry out an audacious bank robbery.,Sergio Leone,"Sergio Leone,Fulvio Morsella,Luciano Vincenzoni","Clint Eastwood,Lee Van,Gian Maria"
131. Para Avcısı,8.2,2013,3h,"Based on the true story of Jordan Belfort, from his rise to a wealthy stock-broker living the high life to his fall involving crime, corruption and the federal government.",Martin Scorsese,"Terence Winter,Jordan Belfort","Leonardo Di,Jonah Hill,Margot Robbie"
132. Yeşil Rehber,8.2,2018,2h 10m,A working-class Italian-American bouncer becomes the driver for an African-American classical pianist on a tour of venues through the 1960s American South.,Peter Farrelly,"Nick Vallelonga,Brian Hayes Currie,Peter Farrelly","Viggo Mortensen,Mahershala Ali,Linda Cardellini"
133. Bazıları Sıcak Sever,8.2,1959,2h 1m,"After two male musicians witness a mob hit, they flee the state in an all-female band disguised as women, but further complications set in.",Billy Wilder,"Billy Wilder,Robert Thoeren","Marilyn Monroe,Tony Curtis,Jack Lemmon"
134. Yumurcak,8.2,1921,1h 8m,"The Tramp cares for an abandoned child, but events put their relationship in jeopardy.",Charles Chaplin,Charles Chaplin,"Charles Chaplin,Edna Purviance,Jackie Coogan"
135. Truman Show,8.2,1998,1h 43m,"An insurance salesman is oblivious of the fact that his entire life is a TV show and his family members are mere actors. As he starts noticing things and uncovers the truth, he decides to escape.",Peter Weir,Andrew Niccol,"Jim Carrey,Ed Harris,Laura Linney"
136. Nürenberg Duruşması,8.3,1961,2h 59m,"Fictionalized depiction of the 1947 Judges' Trial, the third of twelve trials of Nazi war criminals conducted by the American occupying forces in Nuremberg, Germany, in which former judges of Nazi Germany were tried for their actions.",Stanley Kramer,"Abby Mann,Montgomery Clift,Charles Dorat","Spencer Tracy,Burt Lancaster,Richard Widmark"
137. Baba,8.2,2020,1h 37m,"A man refuses all assistance from his daughter as he ages. As he tries to make sense of his changing circumstances, he begins to doubt his loved ones, his own mind and even the fabric of his reality.",Florian Zeller,"Christopher Hampton,Florian Zeller","Anthony Hopkins,Olivia Colman,Mark Gatiss"
138. Perde Açılıyor,8.2,1950,2h 18m,Seemingly timid but secretly ruthless ingenue Eve Harrington insinuates herself into the lives of aging Broadway star Margo Channing and her circle of theater friends in this Oscar-winning story.,Joseph L. Mankiewicz,"Joseph L,Mary Orr","Bette Davis,Anne Baxter,George Sanders"
139. Zindan Adası,8.2,2010,2h 18m,"Teddy Daniels and Chuck Aule, two US marshals, are sent to an asylum on a remote island in order to investigate the disappearance of a patient, where Teddy uncovers a shocking truth about the place.",Martin Scorsese,"Laeta Kalogridis,Dennis Lehane","Leonardo Di,Emily Mortimer,Mark Ruffalo"
140. Kan Dökülecek,8.2,2007,2h 38m,"A story of family, religion, hatred, oil and madness, focusing on a turn-of-the-century prospector in the early days of the business.",Paul Thomas Anderson,"Paul Thomas Anderson,Upton Sinclair","Daniel Day,Paul Dano"
141. Jurassic Park,8.2,1993,2h 7m,"An industrialist invites some experts to visit his theme park of cloned dinosaurs. After a power failure, the creatures run loose, putting everyone's lives, including his grandchildren's, in danger.",Steven Spielberg,"Michael Crichton,David Koepp","Sam Neill,Laura Dern,Jeff Goldblum"
142. Top Gun: Maverick,8.2,2022,2h 10m,"The story involves Maverick confronting his past while training a group of younger Top Gun graduates, including the son of his deceased best friend, for a dangerous mission.",Joseph Kosinski,"Jim Cash,Jack Epps Jr,Peter Craig","Tom Cruise,Jennifer Connelly,Miles Teller"
143. Casino,8.2,1995,2h 58m,"In Las Vegas, two best friends - a casino executive and a mafia enforcer - compete for a gambling empire and a fast-living, fast-loving socialite.",Martin Scorsese,"Nicholas Pileggi,Martin Scorsese","Robert De,Sharon Stone,Joe Pesci"
144. Ran,8.2,1985,2h 40m,"In Medieval Japan, an elderly warlord retires, handing over his empire to his three sons. However, he vastly underestimates how the new-found power will corrupt them and cause them to turn on each other...and him.",Akira Kurosawa,"Akira Kurosawa,Hideo Oguni,Masato Ide","Tatsuya Nakadai,Akira Terao,Jinpachi Nezu"
145. Altıncı His,8.2,1999,1h 47m,"Malcolm Crowe, a child psychologist, starts treating a young boy, Cole, who encounters dead people and convinces him to help them. In turn, Cole helps Malcolm reconcile with his estranged wife.",M. Night Shyamalan,Night Shyamalan,"Bruce Willis,Haley Joel,Toni Collette"
146. Pan'ın Labirenti,8.2,2006,1h 58m,"In the Falangist Spain of 1944, the bookish young stepdaughter of a sadistic army officer escapes into an eerie but captivating fantasy world.",Guillermo del Toro,,"Ivana Baquero,Ariadna Gil,Sergi L"
147. Affedilmeyen,8.2,1992,2h 10m,Retired Old West gunslinger Will Munny reluctantly takes on one last job to avenge an injustice with the help of his old partner and a newer outlaw known simply as The Schofield Kid.,Clint Eastwood,David Webb Peoples,"Clint Eastwood,Gene Hackman,Morgan Freeman"
148. İhtiyarlara Yer Yok,8.2,2007,2h 2m,Violence and mayhem ensue after a hunter stumbles upon the aftermath of a drug deal gone wrong and over two million dollars in cash near the Rio Grande.,Ethan Coen,"Joel Coen,Ethan Coen,Cormac Mc","Tommy Lee,Javier Bardem,Josh Brolin"
149. Şey,8.2,1982,1h 49m,A research team in Antarctica is hunted by a shape-shifting alien that assumes the appearance of its victims.,John Carpenter,"Bill Lancaster,John W,Campbell Jr","Kurt Russell,Wilford Brimley,Keith David"
150. Akıl Oyunları,8.2,2001,2h 15m,"A mathematical genius, John Nash made an astonishing discovery early in his career and stood on the brink of international acclaim. But the handsome and arrogant Nash soon found himself on a harrowing journey of self-discovery.",Ron Howard,"Akiva Goldsman,Sylvia Nasar","Russell Crowe,Ed Harris,Jennifer Connelly"
151. Bill'i Öldür: Bölüm 1,8.2,2003,1h 51m,"After waking from a 4-year coma, a former assassin wreaks vengeance on the team of assassins who betrayed her.",Quentin Tarantino,"Quentin Tarantino,Uma Thurman","Uma Thurman,David Carradine,Daryl Hannah"
152. Altın Hazineleri,8.2,1948,2h 6m,Two down-on-their-luck Americans searching for work in 1920s Mexico convince an old prospector to help them mine for gold in the Sierra Madre Mountains.,John Huston,John Huston,"Humphrey Bogart,Walter Huston,Tim Holt"
153. Yojimbo,8.2,1961,1h 50m,A crafty ronin comes to a town divided by two criminal gangs and decides to play them against each other to free the town.,Akira Kurosawa,Akira Kurosawa,Tatsuya Nakadai
154. Büyük Firar,8.2,1963,2h 52m,Allied prisoners of war plan for several hundred of their men to escape from a German camp during World War II.,John Sturges,"Paul Brickhill,James Clavell","Steve Mc,James Garner,Richard Attenborough"
155. Monty Python ve Kutsal Kâse,8.2,1975,1h 31m,"King Arthur and his Knights of the Round Table embark on a surreal, low-budget search for the Holy Grail, encountering many, very silly obstacles.",Terry Gilliam,"Graham Chapman,John Cleese,Eric Idle","Graham Chapman,John Cleese,Eric Idle"
156. Kayıp Balık Nemo,8.2,2003,1h 40m,"After his son is captured in the Great Barrier Reef and taken to Sydney, a timid clownfish sets out on a journey to bring him home.",Andrew Stanton,"Andrew Stanton,Bob Peterson,David Reynolds","Albert Brooks,Ellen De,Alexander Gould"
157. Tutsak,8.2,2013,2h 33m,"Keller Dover is facing every parent's worst nightmare. His six-year-old daughter, Anna, is missing, together with her friend, Joy, and as minutes turn to hours, panic sets in. The only lead is an RV that had been parked on their street.",Denis Villeneuve,Aaron Guzikowski,"Hugh Jackman,Jake Gyllenhaal,Viola Davis"
158. Yürüyen Şato,8.2,2004,1h 59m,"When an unconfident young woman is cursed with an old body by a spiteful witch, her only chance of breaking the spell lies with a self-indulgent yet insecure young wizard and his companions in his legged, walking castle.",Hayao Miyazaki,"Hayao Miyazaki,Diana Wynne Jones","Chieko Baish,Takuya Kimura,Tatsuya Gash"
159. Rasomon: Sarı Irkın Şehveti,8.2,1950,1h 28m,"The rape of a bride and the murder of her samurai husband are recalled from the perspectives of a bandit, the bride, the samurai's ghost and a woodcutter.",Akira Kurosawa,"Akira Kurosawa,Shinobu Hashimoto","Machiko Ky,Masayuki Mori"
160. Fil Adam,8.2,1980,2h 4m,"A Victorian surgeon rescues a heavily disfigured man who is mistreated while scraping a living as a side-show freak. Behind his monstrous façade, there is revealed a person of kindness, intelligence and sophistication.",David Lynch,"Christopher De Vore,Eric Bergren,David Lynch","Anthony Hopkins,John Hurt,Anne Bancroft"
161. Cinayet var,8.2,1954,1h 45m,A former tennis star arranges the murder of his adulterous wife.,Alfred Hitchcock,"Frederick Knott,Charles Dorat","Ray Milland,Grace Kelly,Robert Cummings"
162. Çin Mahallesi,8.1,1974,2h 10m,"A private detective hired to expose an adulterer in 1930s Los Angeles finds himself caught up in a web of deceit, corruption, and murder.",Roman Polanski,"Robert Towne,Roman Polanski","Jack Nicholson,Faye Dunaway,John Huston"
163. Rüzgâr gibi geçti,8.2,1939,3h 58m,A sheltered and manipulative Southern belle and a roguish profiteer face off in a turbulent romance as the society around them crumbles with the end of slavery and is rebuilt during the Civil War and Reconstruction periods.,Victor Fleming,"Margaret Mitchell,Sidney Howard,Oliver H","Clark Gable,Vivien Leigh,Thomas Mitchell"
164. Ateşten Kalbe Akıldan Dumana,8.1,1998,1h 47m,"Eddy persuades his three pals to pool money for a vital poker game against a powerful local mobster, Hatchet Harry. Eddy loses, after which Harry gives him a week to pay back 500,000 pounds.",Guy Ritchie,Guy Ritchie,"Jason Flemyng,Dexter Fletcher,Nick Moran"
165. Gözlerindeki Sır,8.2,2009,2h 9m,A retired legal counselor writes a novel hoping to find closure for one of his past unresolved homicide cases and for his unreciprocated love with his superior - both of which still haunt him decades later.,Juan José Campanella,"Eduardo Sacheri,Juan Jos","Ricardo Dar,Soledad Villamil,Pablo Rago"
166. V - V for Vendetta,8.1,2005,2h 12m,"In a future British dystopian society, a shadowy freedom fighter, known only by the alias of ""V"", plots to overthrow the tyrannical government - with the help of a young woman.",James McTeigue,"Lilly Wachowski,Lana Wachowski,David Lloyd","Hugo Weaving,Natalie Portman,Rupert Graves"
167. Ters Yüz,8.1,2015,1h 35m,"After young Riley is uprooted from her Midwest life and moved to San Francisco, her emotions - Joy, Fear, Anger, Disgust and Sadness - conflict on how best to navigate a new city, house, and school.",Pete Docter,"Pete Docter,Ronnie Del Carmen,Meg Le","Amy Poehler,Bill Hader,Lewis Black"
"168. Üç Billboard Ebbing Çıkışı, Missouri",8.1,2017,1h 55m,A mother personally challenges the local authorities to solve her daughter's murder when they fail to catch the culprit.,Martin McDonagh,Martin Mc,"Frances Mc,Woody Harrelson,Sam Rockwell"
169. Kızgın Boğa,8.1,1980,2h 9m,"The life of boxer Jake LaMotta, whose violence and temper that led him to the top in the ring destroyed his life outside of it.",Martin Scorsese,"Jake La,Joseph Carter,Peter Savage","Robert De,Cathy Moriarty,Joe Pesci"
170. Trainspotting,8.1,1996,1h 33m,"Renton, deeply immersed in the Edinburgh drug scene, tries to clean up and get out despite the allure of drugs and the influence of friends.",Danny Boyle,"Irvine Welsh,John Hodge","Ewan Mc,Ewen Bremner,Jonny Lee"
171. Kwai Köprüsü,8.1,1957,2h 41m,"British POWs are forced to build a railway bridge across the river Kwai for their Japanese captors in occupied Burma, not knowing that the allied forces are planning a daring commando raid through the jungle to destroy it.",David Lean,"Pierre Boulle,Carl Foreman,Michael Wilson","William Holden,Alec Guinness,Jack Hawkins"
172. Klaus: Sihirli Plan,8.2,2019,1h 36m,"A simple act of kindness always sparks another, even in a frozen, faraway place. When Smeerensburg's new postman, Jesper, befriends toymaker Klaus, their gifts melt an age-old feud and deliver a sleigh full of holiday traditions.",Sergio Pablos,"Sergio Pablos,Jim Mahoney,Zach Lewis","Jason Schwartzman,Rashida Jones"
173. Sıkıysa Yakala,8.1,2002,2h 21m,"Barely 17 yet, Frank is a skilled forger who has passed as a doctor, lawyer and pilot. FBI agent Carl becomes obsessed with tracking down the con man, who only revels in the pursuit.",Steven Spielberg,"Frank Abagnale Jr,Stan Redding,Jeff Nathanson","Leonardo Di,Tom Hanks,Christopher Walken"
174. Fargo,8.1,1996,1h 38m,Minnesota car salesman Jerry Lundegaard's inept crime falls apart due to his and his henchmen's bungling and the persistent police work of the quite pregnant Marge Gunderson.,Joel Coen,"Ethan Coen,Joel Coen","William H,Frances Mc,Steve Buscemi"
175. Büyük Dövüş,8.1,2011,2h 20m,"The youngest son of an alcoholic former boxer returns home, where he's trained by his father for competition in a mixed martial arts tournament - a path that puts the fighter on a collision course with his estranged, older brother.",Gavin O'Connor,"Gavin O,Anthony Tambakis,Cliff Dorfman","Tom Hardy,Nick Nolte,Joel Edgerton"
176. Örümcek Adam: Eve Dönüş Yok,8.2,2021,2h 28m,"With Spider-Man's identity now revealed, Peter asks Doctor Strange for help. When a spell goes wrong, dangerous foes from other worlds start to appear.",Jon Watts,"Chris Mc,Erik Sommers,Stan Lee","Tom Holland,Benedict Cumberbatch"
177. Gran Torino,8.1,2008,1h 56m,"After a Hmong teenager tries to steal his prized 1972 Gran Torino, a disgruntled, prejudiced Korean War veteran seeks to redeem both the boy and himself.",Clint Eastwood,"Nick Schenk,Dave Johannson","Clint Eastwood,Bee Vang,Christopher Carley"
178. Harry Potter ve Ölüm Yadigârları: Bölüm 2,8.1,2011,2h 10m,"Harry, Ron, and Hermione search for Voldemort's remaining Horcruxes in their effort to destroy the Dark Lord as the final battle rages on at Hogwarts.",David Yates,Steve Kloves,"Daniel Radcliffe,Emma Watson,Rupert Grint"
179. Milyonluk Bebek,8.1,2004,2h 12m,"Frankie, an ill-tempered old coach, reluctantly agrees to train aspiring boxer Maggie. Impressed with her determination and talent, he helps her become the best and the two soon form a close bond.",Clint Eastwood,Paul Haggis,"Hilary Swank,Clint Eastwood,Morgan Freeman"
180. Komşum Totoro,8.1,1988,1h 26m,"When two girls move to the country to be near their ailing mother, they have adventures with the wondrous forest spirits who live nearby.",Hayao Miyazaki,Hayao Miyazaki,"Hitoshi Takagi,Noriko Hidaka,Chika Sakamoto"
181. Mad Max: Fury Road,8.1,2015,2h,"In a post-apocalyptic wasteland, a woman rebels against a tyrannical ruler in search for her homeland with the aid of a group of female prisoners, a psychotic worshipper and a drifter named Max.",George Miller,"George Miller,Brendan Mc,Nick Lathouris","Tom Hardy,Charlize Theron,Nicholas Hoult"
182. Cennetin çocukları,8.2,1997,1h 29m,"After a boy loses his sister's pair of shoes, he goes on a series of adventures in order to find them. When he can't, he tries a new way to ""win"" a new pair.",Majid Majidi,Majid Majidi,"Mohammad Amir,Amir Farrokh,Bahare Seddiqi"
183. Ben-Hur,8.1,1959,3h 32m,"A Jewish prince is betrayed and sent into slavery by a Roman friend in 1st-century Jerusalem, but it's not long before he regains his freedom and comes back for revenge.",William Wyler,"Lew Wallace,Karl Tunberg,Gore Vidal","Charlton Heston,Jack Hawkins,Stephen Boyd"
184. 12 Yıllık Esaret,8.1,2013,2h 14m,"In the antebellum United States, Solomon Northup, a free black man from upstate New York, is abducted and sold into slavery.",Steve McQueen,"John Ridley,Solomon Northup","Chiwetel Ejiofor,Michael Kenneth,Michael Fassbender"
185. Barry Lyndon,8.1,1975,3h 5m,An Irish rogue wins the heart of a rich widow and assumes her dead husband's aristocratic position in 18th-century England.,Stanley Kubrick,"Stanley Kubrick,William Makepeace Thackeray","Ryan O,Marisa Berenson,Patrick Magee"
186. Gün Doğmadan,8.1,1995,1h 41m,"A young man and woman meet on a train in Europe, and wind up spending one evening together in Vienna. Unfortunately, both know that this will probably be their only night together.",Richard Linklater,"Richard Linklater,Kim Krizan","Ethan Hawke,Julie Delpy,Andrea Eckert"
187. Ölüm Takibi,8.1,1982,1h 57m,A blade runner must pursue and terminate four replicants who stole a ship in space and have returned to Earth to find their creator.,Ridley Scott,"Hampton Fancher,David Webb Peoples,Philip K","Harrison Ford,Rutger Hauer,Sean Young"
188. Büyük Budapeşte Oteli,8.1,2014,1h 39m,"A writer encounters the owner of an aging high-class hotel, who tells him of his early years serving as a lobby boy in the hotel's glorious years under an exceptional concierge.",Wes Anderson,"Stefan Zweig,Wes Anderson,Hugo Guinness","Ralph Fiennes,Murray Abraham,Mathieu Amalric"
189. Savaş Vadisi,8.1,2016,2h 19m,"World War II American Army Medic Desmond T. Doss, serving during the Battle of Okinawa, refuses to kill people and becomes the first man in American history to receive the Medal of Honor without firing a shot.",Mel Gibson,"Robert Schenkkan,Andrew Knight","Andrew Garfield,Sam Worthington,Luke Bracey"
190. Kayıp Kız,8.1,2014,2h 29m,"With his wife's disappearance having become the focus of an intense media circus, a man sees the spotlight turned on him when it's suspected that he may not be innocent.",David Fincher,Gillian Flynn,"Ben Affleck,Rosamund Pike,Neil Patrick"
191. Ölü Ozanlar Derneği,8.1,1989,2h 8m,"Maverick teacher John Keating returns in 1959 to the prestigious New England boys' boarding school where he was once a star student, using poetry to embolden his pupils to new heights of self-expression.",Peter Weir,Tom Schulman,"Robin Williams,Robert Sean,Ethan Hawke"
192. Maharaja,8.5,2024,2h 21m,"A barber seeks vengeance after his home is burglarized, cryptically telling police his ""lakshmi"" has been taken, leaving them uncertain if it's a person or object. His quest to recover the elusive ""lakshmi"" unfolds.",Nithilan Saminathan,Nithilan Saminathan,"Vijay Sethupathi,Anurag Kashyap,Mamta Mohandas"
193. Cinayet Günlüğü,8.1,2003,2h 11m,"In a small Korean province in 1986, two detectives struggle with the case of multiple young women being found raped and murdered by an unknown culprit.",Bong Joon Ho,Bong Joon Ho,"Song Kang,Kim Sang,Kim Roe"
194. Babam İçin,8.1,1993,2h 13m,"An Irish man's coerced confession to an I.R.A. bombing he did not commit results in the imprisonment of his father as well. Meanwhile, a British lawyer fights to clear their names and free them.",Jim Sheridan,"Gerry Conlon,Terry George,Jim Sheridan","Daniel Day,Pete Postlethwaite,Alison Crosbie"
195. Altına Hücum,8.1,1925,1h 35m,"A prospector goes to the Klondike during the 1890s gold rush in hopes of making his fortune, and is smitten with a girl he sees in a dance hall.",Charles Chaplin,Charles Chaplin,"Charles Chaplin,Mack Swain,Tom Murray"
196. Sevimli Canavarlar,8.1,2001,1h 32m,"In order to power the city, monsters have to scare children so that they scream. However, the children are toxic to the monsters, and after a child gets through, two monsters realize things may not be what they think.",Pete Docter,"Pete Docter,Jill Culton,Jeff Pidgeon","Billy Crystal,John Goodman,Mary Gibbs"
197. Asabiyim Ben,8.1,2014,2h 2m,Six short stories that explore the extremities of human behavior involving people in distress.,Damián Szifron,Julian Loyola,
198. Avcı,8.1,1978,3h 3m,An in-depth examination of the ways in which the Vietnam War impacts and disrupts the lives of several friends in a small steel mill town in Pennsylvania.,Michael Cimino,"Michael Cimino,Deric Washburn,Louis Garfinkle","Robert De,Christopher Walken,John Cazale"
199. General,8.1,1926,1h 18m,"After being rejected by the Confederate military, not realizing it was due to his crucial civilian role, an engineer must single-handedly recapture his beloved locomotive after it is seized by Union spies and return it through enemy lines.",Clyde Bruckman,"Buster Keaton,Clyde Bruckman,Al Boasberg","Buster Keaton,Marion Mack,Glen Cavender"
200. Sherlock Jr.,8.2,1924,45m,"A film projectionist longs to be a detective, and puts his meagre skills to work when he is framed by a rival for stealing his girlfriend's father's pocketwatch.",Buster Keaton,"Jean C,Joseph A,Clyde Bruckman","Buster Keaton,Kathryn Mc,Joe Keaton"
201. Jaws,8.1,1975,2h 4m,"When a massive killer shark unleashes chaos on a beach community off Long Island, it's up to a local sheriff, a marine biologist, and an old seafarer to hunt the beast down.",Steven Spielberg,"Peter Benchley,Carl Gottlieb","Roy Scheider,Robert Shaw,Richard Dreyfuss"
202. Ratatuy,8.1,2007,1h 51m,A rat who can cook makes an unusual alliance with a young kitchen worker at a famous Paris restaurant.,Brad Bird,"Brad Bird,Jan Pinkava,Jim Capobianco","Brad Garrett,Lou Romano,Patton Oswalt"
203. Ejderhanı Nasıl Eğitirsin,8.1,2010,1h 38m,"A hapless young Viking who aspires to hunt dragons becomes the unlikely friend of a young dragon himself, and learns there may be more to the creatures than he assumed.",Dean DeBlois,"William Davies,Dean De,Chris Sanders","Jay Baruchel,Gerard Butler,Christopher Mintz"
204. Rıhtımlar Üstünde,8.1,1954,1h 48m,"An ex-prize fighter turned New Jersey longshoreman struggles to stand up to his corrupt union bosses, including his older brother, as he starts to connect with the grieving sister of one of the syndicate's victims.",Elia Kazan,"Budd Schulberg,Malcolm Johnson,Robert Siodmak","Marlon Brando,Karl Malden,Lee J"
205. Mary ve Max,8.1,2009,1h 32m,"In 1976 Melbourne, a lonely 8-year-old girl strikes up a correspondence with an unlikely pen pal: a severely obese 44-year-old New Yorker with Asperger's syndrome.",Adam Elliot,Adam Elliot,"Toni Collette,Philip Seymour,Eric Bana"
206. Dehşet yolcuları,8.1,1953,2h 11m,"In a decrepit South American village, four men are hired to transport an urgent nitroglycerine shipment without the equipment that would make it safe.",Henri-Georges Clouzot,"Georges Arnaud,Georges Clouzot","Yves Montand,Charles Vanel"
207. Yaban Çilekleri,8.1,1957,1h 32m,"After living a life marked by coldness, an aging professor is forced to confront the emptiness of his existence.",Ingmar Bergman,"Ingmar Bergman,Louis Sauvat","Victor Sj,Bibi Andersson,Ingrid Thulin"
208. Üçüncü Adam Kim?,8.1,1949,1h 44m,"Pulp novelist Holly Martins travels to shadowy, postwar Vienna, only to find himself investigating the mysterious death of an old friend, Harry Lime.",Carol Reed,"Graham Greene,Orson Welles,Alexander Korda","Orson Welles,Joseph Cotten,Alida Valli"
209. Asfaltın Kralları,8.1,2019,2h 32m,American car designer Carroll Shelby and driver Ken Miles battle corporate interference and the laws of physics to build a revolutionary race car for Ford in order to defeat Ferrari at the 24 Hours of Le Mans in 1966.,James Mangold,"Jez Butterworth,Henry Butterworth,Jason Keller","Matt Damon,Christian Bale,Jon Bernthal"
210. Mr. Smith Washington'a Gidiyor,8.1,1939,2h 9m,"A naive youth leader is appointed to fill a vacancy in the U.S. Senate. His idealistic plans promptly collide with corruption at home and subterfuge from his hero in Washington, but he tries to forge ahead despite attacks on his character.",Frank Capra,"Sidney Buchman,Lewis R,Myles Connolly","James Stewart,Jean Arthur,Claude Rains"
211. X-Men: Logan,8.1,2017,2h 17m,"In a future where mutants are nearly extinct, an elderly and weary Logan leads a quiet life. But when Laura, a mutant child pursued by scientists, comes to him for help, he must get her to safety.",James Mangold,"James Mangold,Scott Frank,Michael Green","Hugh Jackman,Patrick Stewart,Dafne Keen"
212. Tokyo Hikâyesi,8.1,1953,2h 16m,"An old couple visit their children and grandchildren in the city, but receive little attention.",Yasujirô Ozu,,Chieko Higashiyama
213. Rocky,8.1,1976,2h,A small-time Philadelphia boxer gets a supremely rare chance to fight the world heavyweight champion in a bout in which he strives to go the distance for his self-respect.,John G. Avildsen,Sylvester Stallone,"Sylvester Stallone,Talia Shire,Burt Young"
214. Büyük Lebowski,8.1,1998,1h 57m,"Jeff ""The Dude"" Lebowski, mistaken for a millionaire of the same name, seeks restitution for his ruined rug and enlists his bowling buddies to help get it.",Joel Coen,"Ethan Coen,Joel Coen","Jeff Bridges,John Goodman,Julianne Moore"
215. Yedinci Mühür,8.1,1957,1h 36m,"A knight returning to Sweden after the Crusades seeks answers about life, death, and the existence of God as he plays chess against the Grim Reaper during the Black Plague.",Ingmar Bergman,Ingmar Bergman,"Gunnar Bj,Bengt Ekerot"
216. Gizli Dünya,8.1,2015,1h 58m,"A little boy is held captive in a room with his mother since his birth, so he has never known the world outside.",Lenny Abrahamson,Emma Donoghue,"Brie Larson,Jacob Tremblay,Sean Bridgers"
217. Spotlight,8.1,2015,2h 9m,"The true story of how the Boston Globe uncovered the massive scandal of child molestation and cover-up within the local Catholic Archdiocese, shaking the entire Catholic Church to its core.",Tom McCarthy,"Josh Singer,Tom Mc","Mark Ruffalo,Michael Keaton,Rachel Mc"
218. Terminatör: Yok Edici,8.1,1984,1h 47m,"A cyborg assassin from the future attempts to find and kill Sarah Connor, a waitress who is destined to give birth to a man who will save humankind from extinction.",James Cameron,"James Cameron,Gale Anne Hurd,William Wisher","Arnold Schwarzenegger,Linda Hamilton,Michael Biehn"
219. Ruanda Oteli,8.1,2004,2h 1m,"Paul Rusesabagina, a hotel manager, houses over a thousand Tutsi refugees during their struggle against the Hutu militia in Rwanda, Africa.",Terry George,"Keir Pearson,Terry George","Don Cheadle,Sophie Okonedo,Joaquin Phoenix"
220. Müfreze,8.1,1986,2h,"Chris Taylor, a neophyte recruit in Vietnam, finds himself caught in a battle of wills between two sergeants, one good and the other evil. A shrewd examination of the brutality of war and the duality of man in conflict.",Oliver Stone,Oliver Stone,"Charlie Sheen,Tom Berenger,Willem Dafoe"
221. Protesto - Nefret,8.1,1995,1h 38m,24 hours in the lives of three young men in the French suburbs the day after a violent riot.,Mathieu Kassovitz,Mathieu Kassovitz,"Vincent Cassel,Hubert Kound"
222. Karayıp Korsanları: Siyah İnci'nin Laneti,8.1,2003,2h 23m,"Blacksmith Will Turner teams up with eccentric pirate ""Captain"" Jack Sparrow to save Elizabeth Swann, the governor's daughter and his love, from Jack's former pirate allies, who are now undead.",Gore Verbinski,"Ted Elliott,Terry Rossio,Stuart Beattie","Johnny Depp,Geoffrey Rush,Orlando Bloom"
223. Gün Batmadan,8.1,2004,1h 20m,"Nine years after Jesse and Celine first met, they encounter each other again on the French leg of Jesse's book tour.",Richard Linklater,"Richard Linklater,Julie Delpy,Ethan Hawke","Ethan Hawke,Julie Delpy,Vernon Dobtcheff"
224. La passion de Jeanne d'Arc,8.1,1928,1h 50m,"In 1431, Jeanne d'Arc is placed on trial on charges of heresy. The ecclesiastical jurists attempt to force Jeanne to recant her claims of holy visions.",Carl Theodor Dreyer,"Joseph Delteil,Carl Theodor Dreyer","Maria Falconetti,Eugene Silvain"
225. Hayatımızın En Güzel Yılları,8.1,1946,2h 50m,"Three World War II veterans, two of them traumatized or disabled, return home to the American midwest to discover that they and their families have been irreparably changed.",William Wyler,"Robert E,Kinlay Kantor","Myrna Loy,Dana Andrews,Fredric March"
226. Jai Bhim,8.7,2021,2h 44m,"When a tribal man is arrested for a case of alleged theft, his wife turns to a human-rights lawyer to help bring justice.",T.J. Gnanavel,Rajendra Sapre,"Lijo Mol,Manikandan K"
227. Şeytan,8.1,1973,2h 2m,"When a mysterious entity possesses a young girl, her mother seeks the help of two Catholic priests to save her life.",William Friedkin,William Peter Blatty,"Ellen Burstyn,Linda Blair"
228. Zafere Hücum,8.1,2013,2h 3m,"James Hunt and Niki Lauda, two extremely skilled Formula One racers, have an intense rivalry with each other. However, it is their enmity that pushes them to their limits.",Ron Howard,Peter Morgan,"Daniel Br,Chris Hemsworth,Olivia Wilde"
229. İnanılmaz Aile,8.0,2004,1h 55m,"While trying to lead a quiet suburban life, a family of undercover superheroes are forced into action to save the world.",Brad Bird,Brad Bird,"Craig T,Samuel L,Holly Hunter"
230. Oz Büyücüsü,8.1,1939,1h 42m,"Young Dorothy Gale and her dog Toto are swept away by a tornado from their Kansas farm to the magical Land of Oz and embark on a quest with three new friends to see the Wizard, who can return her to her home and fulfill the others' wishes.",Victor Fleming,"Noel Langley,Florence Ryerson,Edgar Allan Woolf","Judy Garland,Frank Morgan,Ray Bolger"
231. Şebeke,8.1,1976,2h 1m,"A television network cynically exploits a deranged former anchor's ravings and revelations about mass media for its own profit, but finds that his message may be difficult to control.",Sidney Lumet,Paddy Chayefsky,"Faye Dunaway,William Holden,Peter Finch"
232. Benimle Kal,8.1,1986,1h 29m,A writer recounts a childhood journey with his friends to find the body of a missing boy.,Rob Reiner,"Stephen King,Raynold Gideon,Bruce A","Wil Wheaton,River Phoenix,Corey Feldman"
233. Hachi: Bir Köpeğin Hikâyesi,8.1,2009,1h 33m,"Professor Wilson discovers a lost Akita puppy on his way home. Despite objections from his wife, Hachi endears himself to the family and grows to be Parker's loyal companion. As their bond grows deeper, a beautiful relationship unfolds.",Lasse Hallström,"Stephen P,Kaneto Shind","Richard Gere,Joan Allen,Hiroyuki Tagawa"
234. Neşeli günler,8.1,1965,2h 52m,A young novice is sent by her convent in 1930s Austria to become a governess to the seven children of a widowed naval officer.,Robert Wise,"Georg Hurdalek,Howard Lindsay,Russel Crouse","Julie Andrews,Christopher Plummer,Eleanor Parker"
235. Babam ve Oğlum,8.2,2005,1h 48m,The family of a left-wing journalist is torn apart after the military coup of Turkey in 1980.,Çagan Irmak,,Fikret Kuskan
236. Hizmetçi,8.1,2016,2h 25m,"In 1930s Korea, a girl is hired as a handmaiden to a Japanese heiress who lives a secluded life on a countryside estate. But the maid has a secret: She is a pickpocket recruited by a swindler to help seduce the Lady and steal her fortune.",Park Chan-wook,"Sarah Waters,Chung Seo,Park Chan","Kim Min,Ha Jung,Cho Jin"
237. Olmak ya da Olmamak,8.1,1942,1h 39m,"During the German occupation of Poland, an acting troupe becomes embroiled in a Polish soldier's efforts to track down a German spy.",Ernst Lubitsch,"Melchior Lengyel,Edwin Justus Mayer,Ernst Lubitsch","Carole Lombard,Jack Benny,Robert Stack"
238. Into the Wild,8.1,2007,2h 28m,"After graduating from Emory University, top student and athlete Christopher McCandless abandons his possessions, gives his entire $24,000 savings account to charity and hitchhikes to Alaska to live in the wilderness.",Sean Penn,"Sean Penn,Jon Krakauer","Emile Hirsch,Vince Vaughn,Catherine Keener"
239. Cezayir Savaşı,8.1,1966,2h 1m,"In the 1950s, fear and violence escalate as the people of Algiers fight for independence from the French government.",Gillo Pontecorvo,"Franco Solinas,Gillo Pontecorvo","Brahim Hadjadj,Jean Martin,Yacef Saadi"
240. Gazap üzümleri,8.1,1940,2h 9m,"An Oklahoma family, driven off their farm by the poverty and hopelessness of the Dust Bowl, joins the westward migration to California, suffering the misfortunes of the homeless in the Great Depression.",John Ford,"Nunnally Johnson,John Steinbeck","Henry Fonda,Jane Darwell,John Carradine"
241. Bugün Aslında Dündü,8.0,1993,1h 41m,"A narcissistic, self-centered weatherman finds himself in a time loop on Groundhog Day.",Harold Ramis,"Danny Rubin,Harold Ramis","Bill Murray,Andie Mac,Chris Elliott"
242. Demir Dev,8.1,1999,1h 26m,A young boy befriends a giant robot from outer space that a paranoid government agent wants to destroy.,Brad Bird,"Tim Mc,Brad Bird,Ted Hughes","Eli Marienthal,Harry Connick,Jennifer Aniston"
243. Paramparça Aşklar Köpekler,8.0,2000,2h 34m,"An amateur dog fighter, a supermodel, and a derelict assassin, all separately struggling to find love, find their lives transformed by a devastating car wreck in Mexico City.",Alejandro G. Iñárritu,Guillermo Arriaga,"Emilio Echevarr,Gael Garc,Goya Toledo"
244. Rebeka,8.1,1940,2h 10m,A self-conscious woman juggles adjusting to her new role as an aristocrat's wife and avoiding being intimidated by his first wife's spectral presence.,Alfred Hitchcock,"Daphne Du Maurier,Robert E,Joan Harrison","Laurence Olivier,Joan Fontaine,George Sanders"
245. Duyguların Rengi,8.1,2011,2h 26m,"An aspiring author during the civil rights movement of the 1960s decides to write a book detailing the African American maids' point of view on the white families for which they work, and the hardships they go through on a daily basis.",Tate Taylor,"Tate Taylor,Kathryn Stockett","Viola Davis,Emma Stone,Octavia Spencer"
246. Parmaklıklar Arkasında,8.1,1967,2h 7m,"A laid-back Southern man is sentenced to two years in a rural prison, but refuses to conform.",Stuart Rosenberg,"Donn Pearce,Frank Pierson,Hal Dresner","Paul Newman,George Kennedy,Strother Martin"
247. İki Gönül Bir Olunca,8.1,1934,1h 45m,A rogue reporter trailing a runaway heiress for a big story joins her on a bus heading from Florida to New York and they end up stuck with each other when the bus leaves them behind at one of the stops along the way.,Frank Capra,"Robert Riskin,Samuel Hopkins Adams","Clark Gable,Claudette Colbert,Walter Connolly"
"248. Paris, Texas",8.1,1984,2h 25m,"Travis Henderson, an aimless drifter who has been missing for four years, wanders out of the desert and must reconnect with society, himself, his life, and his family.",Wim Wenders,"Kit Carson,Sam Shepard,Walter Donohue","Harry Dean,Nastassja Kinski,Dean Stockwell"
249. Kadın Kokusu,8.0,1992,2h 36m,"A prep school student needing money agrees to ""babysit"" a blind man, but the job is not at all what he anticipated.",Martin Brest,"Giovanni Arpino,Bo Goldman,Ruggero Maccari","Al Pacino,Chris O,James Rebhorn"
250. Drishyam,8.2,2015,2h 43m,"Desperate measures are taken by a man who tries to save his family from the dark side of the law, after they commit an unexpected crime.",Nishikant Kamat,"Jeethu Joseph,Upendra Sidhaye","Ajay Devgn,Shriya Saran"
